id,site,recipe_name,category,url,status,exit_code,extraction_method,confidence,ingredient_count,instruction_count,title_extracted,elapsed_seconds,json_file,error
preppy_cheesecake,Preppy Kitchen,Classic Cheesecake,Dessert,https://preppykitchen.com/cheesecake-recipe/,success,0,json-ld,1.0,10,7,Cheesecake Recipe,12.121,C:\Users\Adityan\Documents\kitchen\extracted_recipes\preppy_cheesecake.json,Warnings: Static HTTP fetch returned 403; browser fallback was used.
preppy_banana_bread,Preppy Kitchen,Banana Bread,Baking,https://preppykitchen.com/banana-bread/,success,0,json-ld,1.0,9,6,Banana Bread Recipe,10.308,C:\Users\Adityan\Documents\kitchen\extracted_recipes\preppy_banana_bread.json,Warnings: Static HTTP fetch returned 403; browser fallback was used.
preppy_choc_chip,Preppy Kitchen,Chocolate Chip Cookies,Dessert,https://preppykitchen.com/chewy-chocolate-chip-cookies/,success,0,json-ld,1.0,9,8,Chocolate Chip Cookies Recipe,4.175,C:\Users\Adityan\Documents\kitchen\extracted_recipes\preppy_choc_chip.json,Warnings: Static HTTP fetch returned 403; browser fallback was used.
preppy_carrot_cake,Preppy Kitchen,Carrot Cake,Dessert,https://preppykitchen.com/carrot-cake-recipe/,failed,1,,,,,,4.308,C:\Users\Adityan\Documents\kitchen\extracted_recipes\preppy_carrot_cake.json,Extraction failed: Recipe extraction failed: 403 Client Error: Forbidden for url: https://preppykitchen.com/carrot-cake-recipe/
preppy_red_velvet,Preppy Kitchen,Red Velvet Cake,Dessert,https://preppykitchen.com/red-velvet-cake/,failed,1,,,,,,4.302,C:\Users\Adityan\Documents\kitchen\extracted_recipes\preppy_red_velvet.json,Extraction failed: Recipe extraction failed: 403 Client Error: Forbidden for url: https://preppykitchen.com/red-velvet-cake/
preppy_pancakes,Preppy Kitchen,Pancakes,Breakfast,https://preppykitchen.com/pancake-recipe/,success,0,json-ld,1.0,8,5,Pancake Recipe,4.033,C:\Users\Adityan\Documents\kitchen\extracted_recipes\preppy_pancakes.json,Warnings: Static HTTP fetch returned 403; browser fallback was used.
preppy_brownies,Preppy Kitchen,Brownies,Dessert,https://preppykitchen.com/brownie-recipe/,success,0,json-ld,1.0,8,4,Brownie Recipe,9.930,C:\Users\Adityan\Documents\kitchen\extracted_recipes\preppy_brownies.json,Warnings: Static HTTP fetch returned 403; browser fallback was used.
preppy_sugar_cookies,Preppy Kitchen,Sugar Cookies,Dessert,https://preppykitchen.com/sugar-cookies/,success,0,json-ld,1.0,7,8,Sugar Cookie Recipe,4.244,C:\Users\Adityan\Documents\kitchen\extracted_recipes\preppy_sugar_cookies.json,Warnings: Static HTTP fetch returned 403; browser fallback was used.
preppy_french_toast,Preppy Kitchen,French Toast,Breakfast,https://preppykitchen.com/french-toast/,success,0,json-ld,1.0,9,5,French Toast Recipe,3.929,C:\Users\Adityan\Documents\kitchen\extracted_recipes\preppy_french_toast.json,Warnings: Static HTTP fetch returned 403; browser fallback was used.
preppy_meatloaf,Preppy Kitchen,Meatloaf,Main,https://preppykitchen.com/meatloaf-recipe/,failed,1,,,,,,4.337,C:\Users\Adityan\Documents\kitchen\extracted_recipes\preppy_meatloaf.json,Extraction failed: Recipe extraction failed: 403 Client Error: Forbidden for url: https://preppykitchen.com/meatloaf-recipe/
sally_choc_chip,Sally's Baking Addiction,Chewy Chocolate Chip Cookies,Dessert,https://sallysbakingaddiction.com/chewy-chocolate-chip-cookies/,success,0,json-ld,1.0,10,7,Chewy Chocolate Chip Cookies,3.839,C:\Users\Adityan\Documents\kitchen\extracted_recipes\sally_choc_chip.json,Warnings: Static HTTP fetch returned 403; browser fallback was used.
sally_banana_bread,Sally's Baking Addiction,Banana Bread,Baking,https://sallysbakingaddiction.com/best-banana-bread-recipe/,success,0,json-ld,1.0,11,6,My Favorite Banana Bread,6.645,C:\Users\Adityan\Documents\kitchen\extracted_recipes\sally_banana_bread.json,Warnings: Static HTTP fetch returned 403; browser fallback was used.
sally_cinnamon_rolls,Sally's Baking Addiction,Easy Cinnamon Rolls,Baking,https://sallysbakingaddiction.com/easy-cinnamon-rolls-from-scratch/,success,0,json-ld,1.0,14,8,Easy Cinnamon Rolls (from scratch),6.318,C:\Users\Adityan\Documents\kitchen\extracted_recipes\sally_cinnamon_rolls.json,Warnings: Static HTTP fetch returned 403; browser fallback was used.
sally_carrot_cake,Sally's Baking Addiction,Carrot Cake,Dessert,https://sallysbakingaddiction.com/my-favorite-carrot-cake-recipe/,success,0,json-ld,1.0,21,8,My Favorite Carrot Cake Recipe,3.567,C:\Users\Adityan\Documents\kitchen\extracted_recipes\sally_carrot_cake.json,Warnings: Static HTTP fetch returned 403; browser fallback was used.
sally_strawberry_cake,Sally's Baking Addiction,Strawberry Cake,Dessert,https://sallysbakingaddiction.com/strawberry-cake/,success,0,json-ld,1.0,20,9,Homemade Strawberry Cake,3.664,C:\Users\Adityan\Documents\kitchen\extracted_recipes\sally_strawberry_cake.json,Warnings: Static HTTP fetch returned 403; browser fallback was used.
sally_blueberry_muffins,Sally's Baking Addiction,Blueberry Muffins,Breakfast,https://sallysbakingaddiction.com/sparkling-jumbo-blueberry-muffins-2/,success,0,json-ld,1.0,14,6,Jumbo Blueberry Muffins,4.088,C:\Users\Adityan\Documents\kitchen\extracted_recipes\sally_blueberry_muffins.json,Warnings: Static HTTP fetch returned 403; browser fallback was used.
sally_pizza_dough,Sally's Baking Addiction,Homemade Pizza Dough,Main,https://sallysbakingaddiction.com/homemade-pizza-crust-recipe/,success,0,json-ld,1.0,11,9,Easy Homemade Pizza Dough,7.761,C:\Users\Adityan\Documents\kitchen\extracted_recipes\sally_pizza_dough.json,Warnings: Static HTTP fetch returned 403; browser fallback was used.
sally_brownies,Sally's Baking Addiction,Chewy Fudgy Brownies,Dessert,https://sallysbakingaddiction.com/seriously-fudgy-homemade-brownies/,success,0,json-ld,1.0,9,8,Seriously Fudgy Homemade Brownies,3.747,C:\Users\Adityan\Documents\kitchen\extracted_recipes\sally_brownies.json,Warnings: Static HTTP fetch returned 403; browser fallback was used.
sally_sugar_cookies,Sally's Baking Addiction,Sugar Cookies,Dessert,https://sallysbakingaddiction.com/best-sugar-cookies/,success,0,json-ld,1.0,10,9,Soft Cut-Out Sugar Cookies,10.137,C:\Users\Adityan\Documents\kitchen\extracted_recipes\sally_sugar_cookies.json,Warnings: Static HTTP fetch returned 403; browser fallback was used.
sally_apple_pie,Sally's Baking Addiction,Apple Pie,Dessert,https://sallysbakingaddiction.com/apple-pie-recipe/,success,0,json-ld,1.0,10,11,My Best Apple Pie Recipe,8.395,C:\Users\Adityan\Documents\kitchen\extracted_recipes\sally_apple_pie.json,Warnings: Static HTTP fetch returned 403; browser fallback was used.
bb_cajun_pasta,Budget Bytes,Creamy Cajun Chicken Pasta,Main,https://www.budgetbytes.com/one-pot-creamy-cajun-chicken-pasta/,success,0,json-ld,1.0,17,6,One Pot Creamy Cajun Chicken Pasta,4.450,C:\Users\Adityan\Documents\kitchen\extracted_recipes\bb_cajun_pasta.json,Warnings: Static HTTP fetch returned 403; browser fallback was used.
bb_meatloaf,Budget Bytes,Homemade Meatloaf,Main,https://www.budgetbytes.com/classic-homemade-meatloaf/,success,0,json-ld,1.0,14,5,Classic Meatloaf,4.168,C:\Users\Adityan\Documents\kitchen\extracted_recipes\bb_meatloaf.json,Warnings: Static HTTP fetch returned 403; browser fallback was used.
bb_drumsticks,Budget Bytes,Baked Chicken Drumsticks,Main,https://www.budgetbytes.com/baked-chicken-drumsticks/,success,0,json-ld,1.0,9,4,Oven Baked Chicken Drumsticks,10.179,C:\Users\Adityan\Documents\kitchen\extracted_recipes\bb_drumsticks.json,Warnings: Static HTTP fetch returned 403; browser fallback was used.
bb_mac_cheese,Budget Bytes,Homemade Mac and Cheese,Main,https://www.budgetbytes.com/homemade-mac-and-cheese/,failed,1,,,,,,4.045,C:\Users\Adityan\Documents\kitchen\extracted_recipes\bb_mac_cheese.json,Extraction failed: Recipe extraction failed: 403 Client Error: Forbidden for url: https://www.budgetbytes.com/homemade-mac-and-cheese/
bb_meatballs,Budget Bytes,Homemade Meatballs,Main,https://www.budgetbytes.com/homemade-meatballs/,success,0,json-ld,1.0,20,15,Homemade Meatballs Recipe,3.936,C:\Users\Adityan\Documents\kitchen\extracted_recipes\bb_meatballs.json,Warnings: Static HTTP fetch returned 403; browser fallback was used.
bb_pesto_chicken,Budget Bytes,Creamy Pesto Chicken,Main,https://www.budgetbytes.com/creamy-pesto-chicken/,success,0,json-ld,1.0,8,5,Creamy Pesto Chicken,4.052,C:\Users\Adityan\Documents\kitchen\extracted_recipes\bb_pesto_chicken.json,Warnings: Static HTTP fetch returned 403; browser fallback was used.
bb_baked_ziti,Budget Bytes,Baked Ziti,Main,https://www.budgetbytes.com/baked-ziti/,success,0,json-ld,1.0,13,9,Easy Baked Ziti,4.296,C:\Users\Adityan\Documents\kitchen\extracted_recipes\bb_baked_ziti.json,Warnings: Static HTTP fetch returned 403; browser fallback was used.
bb_banana_bread,Budget Bytes,Banana Bread,Baking,https://www.budgetbytes.com/banana-bread/,success,0,json-ld,1.0,11,6,Banana Bread Baked Oatmeal,12.353,C:\Users\Adityan\Documents\kitchen\extracted_recipes\bb_banana_bread.json,Warnings: Static HTTP fetch returned 403; browser fallback was used.
bb_pancakes,Budget Bytes,Homemade Pancakes,Breakfast,https://www.budgetbytes.com/homemade-pancakes/,success,0,json-ld,1.0,9,8,Fluffy Homemade Pancakes,4.178,C:\Users\Adityan\Documents\kitchen\extracted_recipes\bb_pancakes.json,Warnings: Static HTTP fetch returned 403; browser fallback was used.
bb_chicken_alfredo,Budget Bytes,Chicken Alfredo,Main,https://www.budgetbytes.com/chicken-alfredo/,success,0,json-ld,1.0,11,9,Chicken Alfredo,7.755,C:\Users\Adityan\Documents\kitchen\extracted_recipes\bb_chicken_alfredo.json,Warnings: Static HTTP fetch returned 403; browser fallback was used.
ka_choc_chip,King Arthur Baking,Classic Chocolate Chip Cookies,Dessert,https://www.kingarthurbaking.com/recipes/classic-chocolate-chip-cookies-recipe,success,0,json-ld,1.0,12,9,Classic Chocolate Chip Cookies,0.843,C:\Users\Adityan\Documents\kitchen\extracted_recipes\ka_choc_chip.json,
ka_cinnamon_rolls,King Arthur Baking,Cinnamon Rolls,Baking,https://www.kingarthurbaking.com/recipes/cinnamon-rolls-recipe,success,0,json-ld,1.0,15,22,Cinnamon Rolls,0.816,C:\Users\Adityan\Documents\kitchen\extracted_recipes\ka_cinnamon_rolls.json,
ka_banana_bread,King Arthur Baking,Whole Grain Banana Bread,Baking,https://www.kingarthurbaking.com/recipes/whole-grain-banana-bread-recipe,success,0,json-ld,1.0,14,11,Whole Grain Banana Bread,0.769,C:\Users\Adityan\Documents\kitchen\extracted_recipes\ka_banana_bread.json,
ka_pancakes,King Arthur Baking,Simply Perfect Pancakes,Breakfast,https://www.kingarthurbaking.com/recipes/simply-perfect-pancakes-recipe,success,0,json-ld,1.0,8,10,Simply Perfect Pancakes,0.990,C:\Users\Adityan\Documents\kitchen\extracted_recipes\ka_pancakes.json,
ka_no_knead,King Arthur Baking,No-Knead Crusty White Bread,Baking,https://www.kingarthurbaking.com/recipes/no-knead-crusty-white-bread-recipe,success,0,json-ld,1.0,4,28,No-Knead Crusty White Bread,0.796,C:\Users\Adityan\Documents\kitchen\extracted_recipes\ka_no_knead.json,
ka_fudge_brownies,King Arthur Baking,Fudge Brownies,Dessert,https://www.kingarthurbaking.com/recipes/fudge-brownies-recipe,success,0,json-ld,1.0,10,15,Fudge Brownies,0.894,C:\Users\Adityan\Documents\kitchen\extracted_recipes\ka_fudge_brownies.json,
ka_apple_pie,King Arthur Baking,Apple Pie,Dessert,https://www.kingarthurbaking.com/recipes/apple-pie-recipe,success,0,json-ld,1.0,19,32,Apple Pie,0.856,C:\Users\Adityan\Documents\kitchen\extracted_recipes\ka_apple_pie.json,
ka_scones,King Arthur Baking,Scones,Breakfast,https://www.kingarthurbaking.com/recipes/scones-recipe,success,0,json-ld,1.0,11,21,Scones,0.835,C:\Users\Adityan\Documents\kitchen\extracted_recipes\ka_scones.json,
ka_soft_rolls,King Arthur Baking,Soft Dinner Rolls,Baking,https://www.kingarthurbaking.com/recipes/soft-dinner-rolls-recipe,success,0,json-ld,1.0,8,15,Soft Dinner Rolls,1.755,C:\Users\Adityan\Documents\kitchen\extracted_recipes\ka_soft_rolls.json,
ka_birthday_cake,King Arthur Baking,Classic Birthday Cake,Dessert,https://www.kingarthurbaking.com/recipes/classic-birthday-cake-recipe,success,0,json-ld,1.0,15,36,Classic Birthday Cake,0.838,C:\Users\Adityan\Documents\kitchen\extracted_recipes\ka_birthday_cake.json,
ll_pancakes,Love and Lemons,Pancakes,Breakfast,https://www.loveandlemons.com/pancakes-recipe/,success,0,json-ld,1.0,8,5,Fluffy Homemade Pancakes,0.890,C:\Users\Adityan\Documents\kitchen\extracted_recipes\ll_pancakes.json,
ll_banana_bread,Love and Lemons,Banana Bread,Baking,https://www.loveandlemons.com/banana-bread/,success,0,json-ld,1.0,11,6,Banana Bread,1.000,C:\Users\Adityan\Documents\kitchen\extracted_recipes\ll_banana_bread.json,
ll_choc_chip,Love and Lemons,Chocolate Chip Cookies,Dessert,https://www.loveandlemons.com/chocolate-chip-cookies/,success,0,json-ld,1.0,10,7,Best Chocolate Chip Cookies,0.951,C:\Users\Adityan\Documents\kitchen\extracted_recipes\ll_choc_chip.json,
ll_lasagna,Love and Lemons,Lasagna,Main,https://www.loveandlemons.com/lasagna-recipe/,failed,2,,,,,,1.153,C:\Users\Adityan\Documents\kitchen\extracted_recipes\ll_lasagna.json,HTTP error 404: 404 Client Error: Not Found for url: https://www.loveandlemons.com/lasagna-recipe/
ll_focaccia,Love and Lemons,Focaccia,Baking,https://www.loveandlemons.com/focaccia/,success,0,json-ld,1.0,8,6,Focaccia Bread Recipe,0.949,C:\Users\Adityan\Documents\kitchen\extracted_recipes\ll_focaccia.json,
ll_brownies,Love and Lemons,Brownies,Dessert,https://www.loveandlemons.com/brownies-recipe/,success,0,json-ld,1.0,10,5,Best Homemade Brownies,0.893,C:\Users\Adityan\Documents\kitchen\extracted_recipes\ll_brownies.json,
ll_guacamole,Love and Lemons,Guacamole,Appetizer,https://www.loveandlemons.com/guacamole-recipe/,success,0,json-ld,1.0,8,3,Best Guacamole Recipe,0.938,C:\Users\Adityan\Documents\kitchen\extracted_recipes\ll_guacamole.json,
ll_hummus,Love and Lemons,Hummus,Appetizer,https://www.loveandlemons.com/hummus-recipe/,success,0,json-ld,1.0,9,2,BEST Hummus,0.932,C:\Users\Adityan\Documents\kitchen\extracted_recipes\ll_hummus.json,
ll_falafel,Love and Lemons,Falafel,Main,https://www.loveandlemons.com/falafel/,success,0,json-ld,1.0,18,5,Falafel,1.036,C:\Users\Adityan\Documents\kitchen\extracted_recipes\ll_falafel.json,
ll_pizza,Love and Lemons,Homemade Pizza,Main,https://www.loveandlemons.com/homemade-pizza/,success,0,json-ld,1.0,15,4,Homemade Pizza,0.991,C:\Users\Adityan\Documents\kitchen\extracted_recipes\ll_pizza.json,
ouc_beef_stew,Once Upon a Chef,Beef Stew,Main,https://www.onceuponachef.com/recipes/beef-stew-with-carrots-potatoes.html,success,0,json-ld,1.0,18,4,Classic Beef Stew,1.042,C:\Users\Adityan\Documents\kitchen\extracted_recipes\ouc_beef_stew.json,
ouc_banana_bread,Once Upon a Chef,Banana Bread,Baking,https://www.onceuponachef.com/recipes/banana-bread.html,success,0,json-ld,1.0,10,4,Banana Bread,0.924,C:\Users\Adityan\Documents\kitchen\extracted_recipes\ouc_banana_bread.json,
ouc_choc_chip,Once Upon a Chef,Chocolate Chip Cookies,Dessert,https://www.onceuponachef.com/recipes/chocolate-chip-cookies.html,failed,2,,,,,,1.343,C:\Users\Adityan\Documents\kitchen\extracted_recipes\ouc_choc_chip.json,HTTP error 404: 404 Client Error: Not Found for url: https://www.onceuponachef.com/recipes/chocolate-chip-cookies.html
ouc_chicken_marsala,Once Upon a Chef,Chicken Marsala,Main,https://www.onceuponachef.com/recipes/chicken-marsala.html,success,0,json-ld,1.0,14,3,Chicken Marsala,0.983,C:\Users\Adityan\Documents\kitchen\extracted_recipes\ouc_chicken_marsala.json,
ouc_meatloaf,Once Upon a Chef,Meatloaf,Main,https://www.onceuponachef.com/recipes/meatloaf.html,success,0,json-ld,1.0,12,5,Meatloaf (Family-Style or Mini Loaves),0.975,C:\Users\Adityan\Documents\kitchen\extracted_recipes\ouc_meatloaf.json,
ouc_lasagna,Once Upon a Chef,Lasagna,Main,https://www.onceuponachef.com/recipes/lasagna.html,failed,2,,,,,,1.171,C:\Users\Adityan\Documents\kitchen\extracted_recipes\ouc_lasagna.json,HTTP error 404: 404 Client Error: Not Found for url: https://www.onceuponachef.com/recipes/lasagna.html
ouc_blueberry_muffins,Once Upon a Chef,Blueberry Muffins,Breakfast,https://www.onceuponachef.com/recipes/best-blueberry-muffins.html,failed,2,,,,,,1.230,C:\Users\Adityan\Documents\kitchen\extracted_recipes\ouc_blueberry_muffins.json,HTTP error 404: 404 Client Error: Not Found for url: https://www.onceuponachef.com/recipes/best-blueberry-muffins.html
ouc_pancakes,Once Upon a Chef,Pancakes,Breakfast,https://www.onceuponachef.com/recipes/best-pancake-recipe.html,success,0,json-ld,1.0,8,4,Best Homemade Pancakes,0.913,C:\Users\Adityan\Documents\kitchen\extracted_recipes\ouc_pancakes.json,
ouc_brownies,Once Upon a Chef,Brownies,Dessert,https://www.onceuponachef.com/recipes/supernatural-brownies.html,success,0,json-ld,1.0,8,5,Fudgy Brownies,1.251,C:\Users\Adityan\Documents\kitchen\extracted_recipes\ouc_brownies.json,
ouc_chicken_tikka,Once Upon a Chef,Chicken Tikka Masala,Main,https://www.onceuponachef.com/recipes/chicken-tikka-masala.html,success,0,json-ld,1.0,19,5,Chicken Tikka Masala,0.975,C:\Users\Adityan\Documents\kitchen\extracted_recipes\ouc_chicken_tikka.json,
swp_mac_cheese,Spend With Pennies,Baked Mac and Cheese,Main,https://www.spendwithpennies.com/baked-mac-and-cheese/,success,0,json-ld,1.0,16,8,Baked Mac and Cheese Recipe,1.191,C:\Users\Adityan\Documents\kitchen\extracted_recipes\swp_mac_cheese.json,
swp_banana_bread,Spend With Pennies,Banana Bread,Baking,https://www.spendwithpennies.com/classic-banana-bread/,success,0,json-ld,1.0,10,7,Banana Bread Recipe,0.939,C:\Users\Adityan\Documents\kitchen\extracted_recipes\swp_banana_bread.json,
swp_chicken_parm,Spend With Pennies,Chicken Parmesan,Main,https://www.spendwithpennies.com/chicken-parmesan-recipe/,success,0,json-ld,1.0,15,9,Chicken Parmesan,1.070,C:\Users\Adityan\Documents\kitchen\extracted_recipes\swp_chicken_parm.json,
swp_beef_stew,Spend With Pennies,Beef Stew,Main,https://www.spendwithpennies.com/beef-stew-recipe/,success,0,json-ld,1.0,17,7,Beef Stew Recipe,1.019,C:\Users\Adityan\Documents\kitchen\extracted_recipes\swp_beef_stew.json,
swp_meatloaf,Spend With Pennies,Meatloaf,Main,https://www.spendwithpennies.com/easy-meatloaf-recipe/,failed,2,,,,,,0.937,C:\Users\Adityan\Documents\kitchen\extracted_recipes\swp_meatloaf.json,HTTP error 404: 404 Client Error: Not Found for url: https://www.spendwithpennies.com/easy-meatloaf-recipe/
swp_chicken_noodle,Spend With Pennies,Chicken Noodle Soup,Soup,https://www.spendwithpennies.com/chicken-noodle-soup/,failed,2,,,,,,0.778,C:\Users\Adityan\Documents\kitchen\extracted_recipes\swp_chicken_noodle.json,HTTP error 404: 404 Client Error: Not Found for url: https://www.spendwithpennies.com/chicken-noodle-soup/
swp_pot_roast,Spend With Pennies,Pot Roast,Main,https://www.spendwithpennies.com/perfect-pot-roast/,success,0,json-ld,1.0,14,7,Pot Roast Recipe,0.984,C:\Users\Adityan\Documents\kitchen\extracted_recipes\swp_pot_roast.json,
swp_lasagna,Spend With Pennies,Lasagna,Main,https://www.spendwithpennies.com/easy-homemade-lasagna/,success,0,json-ld,1.0,16,8,Easy Homemade Lasagna,0.960,C:\Users\Adityan\Documents\kitchen\extracted_recipes\swp_lasagna.json,
swp_pancakes,Spend With Pennies,Pancakes,Breakfast,https://www.spendwithpennies.com/fluffy-pancakes/,success,0,json-ld,1.0,9,6,Pancake Recipe,1.029,C:\Users\Adityan\Documents\kitchen\extracted_recipes\swp_pancakes.json,
swp_brownies,Spend With Pennies,Brownies,Dessert,https://www.spendwithpennies.com/homemade-brownies/,success,0,json-ld,1.0,10,7,Homemade Brownies,1.026,C:\Users\Adityan\Documents\kitchen\extracted_recipes\swp_brownies.json,
mb_banana_bread,Minimalist Baker,1-Bowl Vegan Gluten-Free Banana Bread,Baking,https://minimalistbaker.com/1-bowl-vegan-gluten-free-banana-bread/,success,0,json-ld,1.0,13,6,1-Bowl Vegan Gluten-Free Banana Bread,1.019,C:\Users\Adityan\Documents\kitchen\extracted_recipes\mb_banana_bread.json,
mb_choc_chip,Minimalist Baker,Vegan Gluten-Free Chocolate Chip Cookies,Dessert,https://minimalistbaker.com/vegan-gluten-free-chocolate-chip-cookies/,success,0,json-ld,1.0,9,4,Classic Vegan Gluten-Free Chocolate Chip Cookies,1.164,C:\Users\Adityan\Documents\kitchen\extracted_recipes\mb_choc_chip.json,
mb_pancakes,Minimalist Baker,Vegan Banana Oat Pancakes,Breakfast,https://minimalistbaker.com/1-bowl-vegan-banana-oat-pancakes/,success,0,json-ld,1.0,10,7,1-Bowl Vegan Banana Oat Pancakes,1.466,C:\Users\Adityan\Documents\kitchen\extracted_recipes\mb_pancakes.json,
mb_mac_cheese,Minimalist Baker,Vegan Mac and Cheese,Main,https://minimalistbaker.com/vegan-mac-n-cheese/,failed,2,,,,,,1.427,C:\Users\Adityan\Documents\kitchen\extracted_recipes\mb_mac_cheese.json,HTTP error 404: 404 Client Error: Not Found for url: https://minimalistbaker.com/vegan-mac-n-cheese/
mb_falafel,Minimalist Baker,Easy Vegan Falafel,Main,https://minimalistbaker.com/easy-vegan-falafel/,success,0,json-ld,1.0,12,13,Easy Vegan Falafel (Freezer-Friendly!),1.083,C:\Users\Adityan\Documents\kitchen\extracted_recipes\mb_falafel.json,
mb_brownies,Minimalist Baker,Vegan Gluten-Free Brownies,Dessert,https://minimalistbaker.com/vegan-gluten-free-black-bean-brownies/,success,0,json-ld,1.0,12,10,Vegan Gluten-Free Black Bean Brownies,0.890,C:\Users\Adityan\Documents\kitchen\extracted_recipes\mb_brownies.json,
mb_hummus,Minimalist Baker,5-Minute Hummus,Appetizer,https://minimalistbaker.com/best-ever-5-minute-microwave-hummus/,success,0,json-ld,1.0,6,5,Easy 5-Minute Microwave Hummus,1.221,C:\Users\Adityan\Documents\kitchen\extracted_recipes\mb_hummus.json,
mb_granola,Minimalist Baker,Simple Granola,Breakfast,https://minimalistbaker.com/simple-granola/,failed,2,,,,,,1.601,C:\Users\Adityan\Documents\kitchen\extracted_recipes\mb_granola.json,HTTP error 404: 404 Client Error: Not Found for url: https://minimalistbaker.com/simple-granola/
mb_pizza,Minimalist Baker,Vegan Pizza,Main,https://minimalistbaker.com/my-favorite-vegan-pizza/,success,0,json-ld,1.0,11,9,My Favorite Vegan Pizza,1.367,C:\Users\Adityan\Documents\kitchen\extracted_recipes\mb_pizza.json,
mb_pesto,Minimalist Baker,Easy Vegan Pesto,Sauce,https://minimalistbaker.com/easy-vegan-pesto-5-minutes/,success,0,json-ld,1.0,8,5,Easy Vegan Pesto (5 minutes!),1.321,C:\Users\Adityan\Documents\kitchen\extracted_recipes\mb_pesto.json,
delish_alfredo,Delish,Chicken Alfredo,Main,https://www.delish.com/cooking/recipe-ideas/a53695/one-pot-chicken-alfredo-recipe/,success,0,json-ld,1.0,11,5,Chicken Alfredo,0.927,C:\Users\Adityan\Documents\kitchen\extracted_recipes\delish_alfredo.json,
delish_banana_bread,Delish,Banana Bread,Baking,https://www.delish.com/cooking/recipe-ideas/a23314601/best-banana-bread-recipe/,failed,2,,,,,,0.909,C:\Users\Adityan\Documents\kitchen\extracted_recipes\delish_banana_bread.json,HTTP error 404: 404 Client Error: Not Found for url: https://www.delish.com/cooking/recipe-ideas/a23314601/best-banana-bread-recipe/
delish_choc_chip,Delish,Chocolate Chip Cookies,Dessert,https://www.delish.com/cooking/recipe-ideas/a50605/chocolate-chip-cookies-recipe/,success,0,json-ld,1.0,10,4,Best Chocolate Chip Cookies,1.295,C:\Users\Adityan\Documents\kitchen\extracted_recipes\delish_choc_chip.json,
delish_pancakes,Delish,Homemade Pancakes,Breakfast,https://www.delish.com/cooking/recipe-ideas/recipes/a5453/perfect-pancakes-recipe/,failed,2,,,,,,0.924,C:\Users\Adityan\Documents\kitchen\extracted_recipes\delish_pancakes.json,HTTP error 404: 404 Client Error: Not Found for url: https://www.delish.com/cooking/recipe-ideas/recipes/a5453/perfect-pancakes-recipe/
delish_lasagna,Delish,Classic Lasagna,Main,https://www.delish.com/cooking/recipe-ideas/recipes/a51337/classic-lasagna-recipe/,success,0,json-ld,1.0,16,10,Best Homemade Lasagna,1.369,C:\Users\Adityan\Documents\kitchen\extracted_recipes\delish_lasagna.json,
delish_meatloaf,Delish,Meatloaf,Main,https://www.delish.com/cooking/recipe-ideas/a23480870/best-meatloaf-recipe/,success,0,json-ld,1.0,16,3,Bacon-Wrapped Keto Meatloaf,1.194,C:\Users\Adityan\Documents\kitchen\extracted_recipes\delish_meatloaf.json,
delish_mac_cheese,Delish,Mac and Cheese,Main,https://www.delish.com/cooking/recipe-ideas/a44763401/mac-and-cheese-recipe/,success,0,json-ld,1.0,12,5,Homemade Mac Cheese,0.981,C:\Users\Adityan\Documents\kitchen\extracted_recipes\delish_mac_cheese.json,
delish_brownies,Delish,Brownies,Dessert,https://www.delish.com/cooking/recipe-ideas/recipes/a55376/best-homemade-brownies-recipe/,failed,2,,,,,,0.674,C:\Users\Adityan\Documents\kitchen\extracted_recipes\delish_brownies.json,HTTP error 404: 404 Client Error: Not Found for url: https://www.delish.com/cooking/recipe-ideas/recipes/a55376/best-homemade-brownies-recipe/
delish_chicken_parm,Delish,Chicken Parmesan,Main,https://www.delish.com/cooking/recipe-ideas/recipes/a51451/easy-chicken-parmesan-recipe/,success,0,json-ld,1.0,16,9,Chicken Parmesan,1.574,C:\Users\Adityan\Documents\kitchen\extracted_recipes\delish_chicken_parm.json,
delish_guacamole,Delish,Guacamole,Appetizer,https://www.delish.com/cooking/recipe-ideas/a45570/best-ever-guacamole-recipe/,success,0,json-ld,1.0,7,2,Best Guacamole,12.719,C:\Users\Adityan\Documents\kitchen\extracted_recipes\delish_guacamole.json,Warnings: JavaScript/browser rendering was used.
pw_pot_roast_ip,The Pioneer Woman,Instant Pot Pot Roast,Main,https://www.thepioneerwoman.com/food-cooking/recipes/a99178/instant-pot-pot-roast/,success,0,json-ld,1.0,10,6,Instant Pot Pot Roast,0.798,C:\Users\Adityan\Documents\kitchen\extracted_recipes\pw_pot_roast_ip.json,
pw_chicken_spaghetti,The Pioneer Woman,Chicken Spaghetti,Main,https://www.thepioneerwoman.com/food-cooking/recipes/a11729/chicken-spaghetti-recipe/,success,0,json-ld,1.0,11,3,Chicken Spaghetti,0.826,C:\Users\Adityan\Documents\kitchen\extracted_recipes\pw_chicken_spaghetti.json,
pw_cinnamon_rolls,The Pioneer Woman,Cinnamon Rolls,Baking,https://www.thepioneerwoman.com/food-cooking/recipes/a11914/cinammon-rolls/,success,0,json-ld,1.0,18,12,Cinnamon Rolls,0.840,C:\Users\Adityan\Documents\kitchen\extracted_recipes\pw_cinnamon_rolls.json,
pw_sheet_cake,The Pioneer Woman,Chocolate Sheet Cake,Dessert,https://www.thepioneerwoman.com/food-cooking/recipes/a11901/chocolate-sheet-cake/,success,0,json-ld,1.0,14,4,The Best Chocolate Sheet Cake Ever,10.832,C:\Users\Adityan\Documents\kitchen\extracted_recipes\pw_sheet_cake.json,Warnings: JavaScript/browser rendering was used.
pw_pot_roast,The Pioneer Woman,Perfect Pot Roast,Main,https://www.thepioneerwoman.com/food-cooking/recipes/a10342/pot-roast-recipe/,success,0,json-ld,1.0,10,8,Perfect Pot Roast,0.779,C:\Users\Adityan\Documents\kitchen\extracted_recipes\pw_pot_roast.json,
pw_pancakes,The Pioneer Woman,Perfect Pancakes,Breakfast,https://www.thepioneerwoman.com/food-cooking/recipes/a10975/perfect-pancakes/,success,0,json-ld,1.0,9,5,Edna Mae's Sour Cream Pancakes,10.370,C:\Users\Adityan\Documents\kitchen\extracted_recipes\pw_pancakes.json,Warnings: JavaScript/browser rendering was used.
pw_chicken_pot_pie,The Pioneer Woman,Chicken Pot Pie,Main,https://www.thepioneerwoman.com/food-cooking/recipes/a11686/chicken-pot-pie/,success,0,json-ld,1.0,14,8,Chicken Pot Pie,10.491,C:\Users\Adityan\Documents\kitchen\extracted_recipes\pw_chicken_pot_pie.json,Warnings: JavaScript/browser rendering was used.
pw_broccoli_soup,The Pioneer Woman,Broccoli Cheese Soup,Soup,https://www.thepioneerwoman.com/food-cooking/recipes/a12083/broccoli-cheese-soup/,success,0,json-ld,1.0,8,4,Creamy Mashed Potatoes,10.528,C:\Users\Adityan\Documents\kitchen\extracted_recipes\pw_broccoli_soup.json,Warnings: JavaScript/browser rendering was used.
pw_goulash,The Pioneer Woman,Goulash,Main,https://www.thepioneerwoman.com/food-cooking/recipes/a40897119/goulash-recipe/,success,0,json-ld,1.0,15,3,Goulash,10.223,C:\Users\Adityan\Documents\kitchen\extracted_recipes\pw_goulash.json,Warnings: JavaScript/browser rendering was used.
pw_apple_pie,The Pioneer Woman,Apple Pie,Dessert,https://www.thepioneerwoman.com/food-cooking/recipes/a11725/dreamy-apple-pie/,success,0,json-ld,1.0,8,5,Garlic Cheese Bread,11.501,C:\Users\Adityan\Documents\kitchen\extracted_recipes\pw_apple_pie.json,Warnings: JavaScript/browser rendering was used.
