id,site,recipe_name,category,url
preppy_cheesecake,Preppy Kitchen,Classic Cheesecake,Dessert,https://preppykitchen.com/cheesecake-recipe/
preppy_banana_bread,Preppy Kitchen,Banana Bread,Baking,https://preppykitchen.com/banana-bread/
preppy_choc_chip,Preppy Kitchen,Chocolate Chip Cookies,Dessert,https://preppykitchen.com/chewy-chocolate-chip-cookies/
preppy_carrot_cake,Preppy Kitchen,Carrot Cake,Dessert,https://preppykitchen.com/carrot-and-walnut-cake/
preppy_red_velvet,Preppy Kitchen,Red Velvet Cake,Dessert,https://preppykitchen.com/best-red-velvet-cake/
preppy_pancakes,Preppy Kitchen,Pancakes,Breakfast,https://preppykitchen.com/pancake-recipe/
preppy_brownies,Preppy Kitchen,Brownies,Dessert,https://preppykitchen.com/brownie-recipe/
preppy_sugar_cookies,Preppy Kitchen,Sugar Cookies,Dessert,https://preppykitchen.com/sugar-cookies/
preppy_french_toast,Preppy Kitchen,French Toast,Breakfast,https://preppykitchen.com/french-toast/
preppy_meatloaf,Preppy Kitchen,Meatloaf,Main,https://preppykitchen.com/meatloaf/
sally_choc_chip,Sally's Baking Addiction,Chewy Chocolate Chip Cookies,Dessert,https://sallysbakingaddiction.com/chewy-chocolate-chip-cookies/
sally_banana_bread,Sally's Baking Addiction,Banana Bread,Baking,https://sallysbakingaddiction.com/best-banana-bread-recipe/
sally_cinnamon_rolls,Sally's Baking Addiction,Easy Cinnamon Rolls,Baking,https://sallysbakingaddiction.com/easy-cinnamon-rolls-from-scratch/
sally_carrot_cake,Sally's Baking Addiction,Carrot Cake,Dessert,https://sallysbakingaddiction.com/my-favorite-carrot-cake-recipe/
sally_strawberry_cake,Sally's Baking Addiction,Strawberry Cake,Dessert,https://sallysbakingaddiction.com/strawberry-cake/
sally_blueberry_muffins,Sally's Baking Addiction,Blueberry Muffins,Breakfast,https://sallysbakingaddiction.com/sparkling-jumbo-blueberry-muffins-2/
sally_pizza_dough,Sally's Baking Addiction,Homemade Pizza Dough,Main,https://sallysbakingaddiction.com/homemade-pizza-crust-recipe/
sally_brownies,Sally's Baking Addiction,Chewy Fudgy Brownies,Dessert,https://sallysbakingaddiction.com/seriously-fudgy-homemade-brownies/
sally_sugar_cookies,Sally's Baking Addiction,Sugar Cookies,Dessert,https://sallysbakingaddiction.com/best-sugar-cookies/
sally_apple_pie,Sally's Baking Addiction,Apple Pie,Dessert,https://sallysbakingaddiction.com/apple-pie-recipe/
bb_cajun_pasta,Budget Bytes,Creamy Cajun Chicken Pasta,Main,https://www.budgetbytes.com/one-pot-creamy-cajun-chicken-pasta/
bb_meatloaf,Budget Bytes,Homemade Meatloaf,Main,https://www.budgetbytes.com/classic-homemade-meatloaf/
bb_drumsticks,Budget Bytes,Baked Chicken Drumsticks,Main,https://www.budgetbytes.com/baked-chicken-drumsticks/
bb_mac_cheese,Budget Bytes,Homemade Mac and Cheese,Main,https://www.budgetbytes.com/extra-cheesy-homemade-mac-and-cheese/
bb_meatballs,Budget Bytes,Homemade Meatballs,Main,https://www.budgetbytes.com/homemade-meatballs/
bb_pesto_chicken,Budget Bytes,Creamy Pesto Chicken,Main,https://www.budgetbytes.com/creamy-pesto-chicken/
bb_baked_ziti,Budget Bytes,Baked Ziti,Main,https://www.budgetbytes.com/baked-ziti/
bb_banana_bread,Budget Bytes,Banana Bread,Baking,https://www.budgetbytes.com/banana-bread/
bb_pancakes,Budget Bytes,Homemade Pancakes,Breakfast,https://www.budgetbytes.com/homemade-pancakes/
bb_chicken_alfredo,Budget Bytes,Chicken Alfredo,Main,https://www.budgetbytes.com/chicken-alfredo/
ka_choc_chip,King Arthur Baking,Classic Chocolate Chip Cookies,Dessert,https://www.kingarthurbaking.com/recipes/classic-chocolate-chip-cookies-recipe
ka_cinnamon_rolls,King Arthur Baking,Cinnamon Rolls,Baking,https://www.kingarthurbaking.com/recipes/cinnamon-rolls-recipe
ka_banana_bread,King Arthur Baking,Whole Grain Banana Bread,Baking,https://www.kingarthurbaking.com/recipes/whole-grain-banana-bread-recipe
ka_pancakes,King Arthur Baking,Simply Perfect Pancakes,Breakfast,https://www.kingarthurbaking.com/recipes/simply-perfect-pancakes-recipe
ka_no_knead,King Arthur Baking,No-Knead Crusty White Bread,Baking,https://www.kingarthurbaking.com/recipes/no-knead-crusty-white-bread-recipe
ka_fudge_brownies,King Arthur Baking,Fudge Brownies,Dessert,https://www.kingarthurbaking.com/recipes/fudge-brownies-recipe
ka_apple_pie,King Arthur Baking,Apple Pie,Dessert,https://www.kingarthurbaking.com/recipes/apple-pie-recipe
ka_scones,King Arthur Baking,Scones,Breakfast,https://www.kingarthurbaking.com/recipes/scones-recipe
ka_soft_rolls,King Arthur Baking,Soft Dinner Rolls,Baking,https://www.kingarthurbaking.com/recipes/soft-dinner-rolls-recipe
ka_birthday_cake,King Arthur Baking,Classic Birthday Cake,Dessert,https://www.kingarthurbaking.com/recipes/classic-birthday-cake-recipe
ll_pancakes,Love and Lemons,Pancakes,Breakfast,https://www.loveandlemons.com/pancakes-recipe/
ll_banana_bread,Love and Lemons,Banana Bread,Baking,https://www.loveandlemons.com/banana-bread/
ll_choc_chip,Love and Lemons,Chocolate Chip Cookies,Dessert,https://www.loveandlemons.com/chocolate-chip-cookies/
ll_lasagna,Love and Lemons,Vegetarian Lasagna,Main,https://www.loveandlemons.com/vegetarian-lasagna/
ll_focaccia,Love and Lemons,Focaccia,Baking,https://www.loveandlemons.com/focaccia/
ll_brownies,Love and Lemons,Brownies,Dessert,https://www.loveandlemons.com/brownies-recipe/
ll_guacamole,Love and Lemons,Guacamole,Appetizer,https://www.loveandlemons.com/guacamole-recipe/
ll_hummus,Love and Lemons,Hummus,Appetizer,https://www.loveandlemons.com/hummus-recipe/
ll_falafel,Love and Lemons,Falafel,Main,https://www.loveandlemons.com/falafel/
ll_pizza,Love and Lemons,Homemade Pizza,Main,https://www.loveandlemons.com/homemade-pizza/
ouc_beef_stew,Once Upon a Chef,Beef Stew,Main,https://www.onceuponachef.com/recipes/beef-stew-with-carrots-potatoes.html
ouc_banana_bread,Once Upon a Chef,Banana Bread,Baking,https://www.onceuponachef.com/recipes/banana-bread.html
ouc_choc_chip,Once Upon a Chef,Chocolate Chunk Cookies,Dessert,https://www.onceuponachef.com/recipes/chocolate-chunk-cookies.html
ouc_chicken_marsala,Once Upon a Chef,Chicken Marsala,Main,https://www.onceuponachef.com/recipes/chicken-marsala.html
ouc_meatloaf,Once Upon a Chef,Meatloaf,Main,https://www.onceuponachef.com/recipes/meatloaf.html
ouc_lasagna,Once Upon a Chef,Classic Lasagna,Main,https://www.onceuponachef.com/recipes/classic-lasagna.html
ouc_blueberry_muffins,Once Upon a Chef,Blueberry Muffins,Breakfast,https://www.onceuponachef.com/recipes/best-ever-blueberry-muffins.html
ouc_pancakes,Once Upon a Chef,Pancakes,Breakfast,https://www.onceuponachef.com/recipes/best-pancake-recipe.html
ouc_brownies,Once Upon a Chef,Brownies,Dessert,https://www.onceuponachef.com/recipes/supernatural-brownies.html
ouc_chicken_tikka,Once Upon a Chef,Chicken Tikka Masala,Main,https://www.onceuponachef.com/recipes/chicken-tikka-masala.html
swp_mac_cheese,Spend With Pennies,Baked Mac and Cheese,Main,https://www.spendwithpennies.com/baked-mac-and-cheese/
swp_banana_bread,Spend With Pennies,Banana Bread,Baking,https://www.spendwithpennies.com/classic-banana-bread/
swp_chicken_parm,Spend With Pennies,Chicken Parmesan,Main,https://www.spendwithpennies.com/chicken-parmesan-recipe/
swp_beef_stew,Spend With Pennies,Beef Stew,Main,https://www.spendwithpennies.com/beef-stew-recipe/
swp_meatloaf,Spend With Pennies,The Best Meatloaf,Main,https://www.spendwithpennies.com/best-meatloaf-recipe/
swp_chicken_noodle,Spend With Pennies,Chicken Noodle Soup,Soup,https://www.spendwithpennies.com/classic-chicken-noodle-soup/
swp_pot_roast,Spend With Pennies,Pot Roast,Main,https://www.spendwithpennies.com/perfect-pot-roast/
swp_lasagna,Spend With Pennies,Lasagna,Main,https://www.spendwithpennies.com/easy-homemade-lasagna/
swp_pancakes,Spend With Pennies,Pancakes,Breakfast,https://www.spendwithpennies.com/fluffy-pancakes/
swp_brownies,Spend With Pennies,Brownies,Dessert,https://www.spendwithpennies.com/homemade-brownies/
mb_banana_bread,Minimalist Baker,1-Bowl Vegan Gluten-Free Banana Bread,Baking,https://minimalistbaker.com/1-bowl-vegan-gluten-free-banana-bread/
mb_choc_chip,Minimalist Baker,Vegan Gluten-Free Chocolate Chip Cookies,Dessert,https://minimalistbaker.com/vegan-gluten-free-chocolate-chip-cookies/
mb_pancakes,Minimalist Baker,Vegan Banana Oat Pancakes,Breakfast,https://minimalistbaker.com/1-bowl-vegan-banana-oat-pancakes/
mb_mac_cheese,Minimalist Baker,Easy Vegan Mac and Cheese,Main,https://minimalistbaker.com/easy-vegan-mac-and-cheese/
mb_falafel,Minimalist Baker,Easy Vegan Falafel,Main,https://minimalistbaker.com/easy-vegan-falafel/
mb_brownies,Minimalist Baker,Vegan Gluten-Free Brownies,Dessert,https://minimalistbaker.com/vegan-gluten-free-black-bean-brownies/
mb_hummus,Minimalist Baker,5-Minute Hummus,Appetizer,https://minimalistbaker.com/best-ever-5-minute-microwave-hummus/
mb_granola,Minimalist Baker,Everyday Buckwheat Granola,Breakfast,https://minimalistbaker.com/everyday-buckwheat-granola/
mb_pizza,Minimalist Baker,Vegan Pizza,Main,https://minimalistbaker.com/my-favorite-vegan-pizza/
mb_pesto,Minimalist Baker,Easy Vegan Pesto,Sauce,https://minimalistbaker.com/easy-vegan-pesto-5-minutes/
delish_alfredo,Delish,Chicken Alfredo,Main,https://www.delish.com/cooking/recipe-ideas/a53695/one-pot-chicken-alfredo-recipe/
delish_banana_bread,Delish,Banana Bread,Baking,https://www.delish.com/cooking/a30182579/delish-quick-bread-taste-test/
delish_choc_chip,Delish,Chocolate Chip Cookies,Dessert,https://www.delish.com/cooking/recipe-ideas/a50605/chocolate-chip-cookies-recipe/
delish_pancakes,Delish,Homemade Pancakes,Breakfast,https://www.delish.com/cooking/recipe-ideas/a43166134/pancake-recipe/
delish_lasagna,Delish,Classic Lasagna,Main,https://www.delish.com/cooking/recipe-ideas/recipes/a51337/classic-lasagna-recipe/
delish_meatloaf,Delish,Meatloaf,Main,https://www.delish.com/cooking/recipe-ideas/a23480870/best-meatloaf-recipe/
delish_mac_cheese,Delish,Mac and Cheese,Main,https://www.delish.com/cooking/recipe-ideas/a44763401/mac-and-cheese-recipe/
delish_brownies,Delish,Best Brownies,Dessert,https://www.delish.com/cooking/recipe-ideas/a42958116/brownie-recipe/
delish_chicken_parm,Delish,Chicken Parmesan,Main,https://www.delish.com/cooking/recipe-ideas/recipes/a51451/easy-chicken-parmesan-recipe/
delish_guacamole,Delish,Guacamole,Appetizer,https://www.delish.com/cooking/recipe-ideas/a45570/best-ever-guacamole-recipe/
pw_pot_roast_ip,The Pioneer Woman,Instant Pot Pot Roast,Main,https://www.thepioneerwoman.com/food-cooking/recipes/a99178/instant-pot-pot-roast/
pw_chicken_spaghetti,The Pioneer Woman,Chicken Spaghetti,Main,https://www.thepioneerwoman.com/food-cooking/recipes/a11729/chicken-spaghetti-recipe/
pw_cinnamon_rolls,The Pioneer Woman,Cinnamon Rolls,Baking,https://www.thepioneerwoman.com/food-cooking/recipes/a11914/cinammon-rolls/
pw_sheet_cake,The Pioneer Woman,Chocolate Sheet Cake,Dessert,https://www.thepioneerwoman.com/food-cooking/recipes/a11901/chocolate-sheet-cake/
pw_pot_roast,The Pioneer Woman,Perfect Pot Roast,Main,https://www.thepioneerwoman.com/food-cooking/recipes/a10342/pot-roast-recipe/
pw_pancakes,The Pioneer Woman,Perfect Pancakes,Breakfast,https://www.thepioneerwoman.com/food-cooking/recipes/a10975/perfect-pancakes/
pw_chicken_pot_pie,The Pioneer Woman,Chicken Pot Pie,Main,https://www.thepioneerwoman.com/food-cooking/recipes/a11686/chicken-pot-pie/
pw_broccoli_soup,The Pioneer Woman,Slow Cooker Broccoli Cheese Soup,Soup,https://www.thepioneerwoman.com/food-cooking/recipes/a82790/slow-cooker-broccoli-cheese-soup/
pw_goulash,The Pioneer Woman,Goulash,Main,https://www.thepioneerwoman.com/food-cooking/recipes/a40897119/goulash-recipe/
pw_apple_pie,The Pioneer Woman,Dreamy Apple Pie,Dessert,https://www.thepioneerwoman.com/food-cooking/recipes/a9553/dreamy-apple-pie/
