id,test_kind,site,title,content_type,url_or_fixture,target_condition,expected_outcome,expected_method,allowed_methods,expected_title,min_ingredients,min_instructions,notes
live_cookie_lentil,live,Cookie and Kate,Best Lentil Soup,recipe,https://cookieandkate.com/best-lentil-soup-recipe/,structured_real,pass,any,any,Best Lentil Soup,2,2,Large mainstream recipe with article chrome and notes.
live_kitchn_tuscan,live,The Kitchn,One-Pan Tuscan Chicken,recipe,https://www.thekitchn.com/tuscan-chicken-recipe-23624913,structured_real,pass,any,any,One-Pan Tuscan Chicken,2,2,Long editorial page before recipe card.
live_kitchn_marry_me,live,The Kitchn,Marry Me Chicken,recipe,https://www.thekitchn.com/marry-me-chicken-recipe-23627447,structured_real,pass,any,any,Marry Me Chicken,2,2,Recipe embedded in a content-heavy article.
live_kitchn_roast,live,The Kitchn,How To Roast a Perfect Chicken,recipe,https://www.thekitchn.com/how-to-roast-the-perfect-chicken-cooking-lessons-from-the-kitchn-108002,howto_recipe_hybrid,pass,any,any,How To Roast a Perfect Chicken,2,2,How-to article containing a recipe; tests title/card selection.
live_kitchn_tinga,live,The Kitchn,Chicken Tinga,recipe,https://www.thekitchn.com/chicken-tinga-recipe-23650689,structured_real,pass,any,any,Chicken Tinga,2,2,Narrative content around the recipe.
live_rte_biryani,live,RecipeTin Eats,Chicken Biryani,recipe,https://www.recipetineats.com/biryani/,long_grouped_recipe,pass,any,any,Chicken Biryani,2,2,Many ingredients and ingredient subsections.
live_rte_baked_chicken_rice,live,RecipeTin Eats,Oven Baked Chicken and Rice,recipe,https://www.recipetineats.com/oven-baked-chicken-and-rice/comment-page-23/,comment_page_recipe,pass,any,any,Oven Baked Chicken and Rice,2,2,Comment pagination URL containing recipe.
live_rte_chicken_curry,live,RecipeTin Eats,Chicken Curry,recipe,https://www.recipetineats.com/chicken-curry/comment-page-8/,comment_page_recipe,pass,any,any,Chicken Curry,2,2,Comment-page URL with recipe card.
live_rte_stroganoff,live,RecipeTin Eats,Chicken Stroganoff,recipe,https://www.recipetineats.com/chicken-stroganoff/comment-page-9/,comment_page_recipe,pass,any,any,Chicken Stroganoff,2,2,Comment-page URL with grouped ingredients.
live_rte_orzo,live,RecipeTin Eats,One Pot Italian Chicken & Orzo,recipe,https://www.recipetineats.com/one-pot-italian-chicken-orzo-risoni-pasta/comment-page-2/,many_sections,pass,any,any,One Pot Italian Chicken & Orzo,2,2,Multiple ingredient groups and optional components.
live_goodfood_carbonara,live,Good Food,Ultimate Spaghetti Carbonara,recipe,https://www.bbcgoodfood.com/recipes/ultimate-spaghetti-carbonara-recipe,different_publisher_stack,pass,any,any,Ultimate Spaghetti Carbonara,2,2,Different publisher stack and metric ingredient formatting.
live_goodfood_creamfree,live,Good Food,Cream-free Spaghetti Carbonara,recipe,https://www.bbcgoodfood.com/recipes/two-step-carbonara,very_short_steps,pass,any,any,Cream-free Spaghetti Carbonara,2,2,Only two instruction steps; should remain valid.
live_delish_meatloaf,live,Delish,Loaded Meatloaf Casserole,recipe,https://www.delish.com/cooking/recipe-ideas/a73724395/loaded-meatloaf-casserole-recipe/,hearst_metadata,pass,any,any,Loaded Meatloaf Casserole,2,2,Regression target for cuisine/keyword cleanup.
live_tasty_index,live,Tasty Recipes,All Recipes index,nonrecipe,https://tasty.recipes/recipes/,recipe_index,reject,none,none,,0,0,Many recipe teasers but no single target recipe.
live_foodnetwork_roundup,live,Food Network,35 Chicken Breast Recipes,nonrecipe,https://www.foodnetwork.com/recipes/photos/5-chicken-breast-recipes-for-dinner-tonight,roundup,reject,none,none,,0,0,Gallery/roundup should not become one recipe.
live_epicurious_roundup,live,Epicurious,29 Baked Pasta Recipes,nonrecipe,https://www.epicurious.com/recipes-menus/baked-pasta-recipes,roundup,reject,none,none,,0,0,Multi-recipe editorial roundup.
live_southernliving_roundup,live,Southern Living,52 Easy Dinner Ideas,nonrecipe,https://www.southernliving.com/easy-dinner-ideas-12133995,roundup,reject,none,none,,0,0,Large multi-recipe roundup.
live_damndelicious_roundup,live,Damn Delicious,40+ Easy Chicken Recipes,nonrecipe,https://damndelicious.net/2025/09/02/30-easy-chicken-recipes-for-every-night-of-the-week/,roundup,reject,none,none,,0,0,Recipe roundup with many links/cards.
live_preppy_category,live,Preppy Kitchen,Pie Recipes Category,nonrecipe,https://preppykitchen.com/category/recipes/desserts/pies/,category_page,reject,none,none,,0,0,Category page with multiple recipe cards.
live_rte_pdf,live,RecipeTin Eats,Slow Cooker Roast Chicken PDF,nonhtml,https://www.recipetineats.com/uploads/2014/08/Slow-Cooker-Roast-Chicken-August-2014-version.pdf,pdf_input,reject_or_unsupported,none,none,,0,0,Non-HTML input should fail gracefully.
fx_ad_chrome,fixture,local-fixture,Ad Chrome,recipe,tests/fixtures/fx_ad_chrome.html,ad_chrome,pass,scrapling-dom|html-heuristic,scrapling-dom|html-heuristic,Roasted Carrots,3,2,Deterministic regression fixture.
fx_bad_cuisine,fixture,local-fixture,Bad Cuisine,recipe,tests/fixtures/fx_bad_cuisine.html,bad_cuisine,pass,json-ld,json-ld,Pancakes,3,2,Deterministic regression fixture.
fx_broken_jsonld_wprm,fixture,local-fixture,Broken Jsonld Wprm,recipe,tests/fixtures/fx_broken_jsonld_wprm.html,broken_jsonld_wprm,pass,scrapling-dom|html-heuristic,scrapling-dom|html-heuristic,Lemon Pasta,3,2,Deterministic regression fixture.
fx_dom_generic,fixture,local-fixture,Dom Generic,recipe,tests/fixtures/fx_dom_generic.html,dom_generic,pass,scrapling-dom|html-heuristic,scrapling-dom|html-heuristic,Skillet Beans,3,2,Deterministic regression fixture.
fx_dom_tasty,fixture,local-fixture,Dom Tasty,recipe,tests/fixtures/fx_dom_tasty.html,dom_tasty,pass,scrapling-dom|html-heuristic,scrapling-dom|html-heuristic,Bean Salad,3,2,Deterministic regression fixture.
fx_duplicate_ingredients,fixture,local-fixture,Duplicate Ingredients,recipe,tests/fixtures/fx_duplicate_ingredients.html,duplicate_ingredients,pass,json-ld,json-ld,Duplicate Soup,2,2,Deterministic regression fixture.
fx_empty_fields,fixture,local-fixture,Empty Fields,recipe,tests/fixtures/fx_empty_fields.html,empty_fields,pass,json-ld,json-ld,Plain Rice,2,2,Deterministic regression fixture.
fx_false_positive_article,fixture,local-fixture,False Positive Article,nonrecipe,tests/fixtures/fx_false_positive_article.html,false_positive_article,reject,none,none,,0,0,Deterministic regression fixture.
fx_false_positive_grocery,fixture,local-fixture,False Positive Grocery,nonrecipe,tests/fixtures/fx_false_positive_grocery.html,false_positive_grocery,reject,none,none,,0,0,Deterministic regression fixture.
fx_false_positive_menu,fixture,local-fixture,False Positive Menu,nonrecipe,tests/fixtures/fx_false_positive_menu.html,false_positive_menu,reject,none,none,,0,0,Deterministic regression fixture.
fx_false_positive_roundup,fixture,local-fixture,False Positive Roundup,nonrecipe,tests/fixtures/fx_false_positive_roundup.html,false_positive_roundup,reject,none,none,,0,0,Deterministic regression fixture.
fx_howto_sections,fixture,local-fixture,Howto Sections,recipe,tests/fixtures/fx_howto_sections.html,howto_sections,pass,json-ld,json-ld,Layer Cake,3,4,Deterministic regression fixture.
fx_html_entities,fixture,local-fixture,Html Entities,recipe,tests/fixtures/fx_html_entities.html,html_entities,pass,json-ld,json-ld,Mac & Cheese,3,2,Deterministic regression fixture.
fx_instruction_single_string,fixture,local-fixture,Instruction Single String,recipe,tests/fixtures/fx_instruction_single_string.html,instruction_single_string,pass,json-ld,json-ld,Tea,2,3,Deterministic regression fixture.
fx_instruction_strings,fixture,local-fixture,Instruction Strings,recipe,tests/fixtures/fx_instruction_strings.html,instruction_strings,pass,json-ld,json-ld,Toast,2,2,Deterministic regression fixture.
fx_itemprop_loose,fixture,local-fixture,Itemprop Loose,recipe,tests/fixtures/fx_itemprop_loose.html,itemprop_loose,pass,itemprop-dom|microdata,itemprop-dom|microdata,,3,2,Deterministic regression fixture.
fx_jsonld_graph,fixture,local-fixture,Jsonld Graph,recipe,tests/fixtures/fx_jsonld_graph.html,jsonld_graph,pass,json-ld,json-ld,Graph Soup,3,2,Deterministic regression fixture.
fx_jsonld_trailing_comma,fixture,local-fixture,Jsonld Trailing Comma,recipe,tests/fixtures/fx_jsonld_trailing_comma.html,jsonld_trailing_comma,pass,scrapling-dom|html-heuristic,scrapling-dom|html-heuristic,Rescue Salad,3,2,Deterministic regression fixture.
fx_jsonld_type_array,fixture,local-fixture,Jsonld Type Array,recipe,tests/fixtures/fx_jsonld_type_array.html,jsonld_type_array,pass,json-ld,json-ld,Array Chili,3,2,Deterministic regression fixture.
fx_malformed_then_valid,fixture,local-fixture,Malformed Then Valid,recipe,tests/fixtures/fx_malformed_then_valid.html,malformed_then_valid,pass,json-ld,json-ld,Valid Brownies,3,2,Deterministic regression fixture.
fx_microdata_itemprop,fixture,local-fixture,Microdata Itemprop,recipe,tests/fixtures/fx_microdata_itemprop.html,microdata_itemprop,pass,microdata|itemprop-dom,microdata|itemprop-dom,Tomato Toast,2,2,Deterministic regression fixture.
fx_multiple_recipe_objects,fixture,local-fixture,Multiple Recipe Objects,recipe,tests/fixtures/fx_multiple_recipe_objects.html,multiple_recipe_objects,pass,json-ld,json-ld,Main Pasta,3,2,Deterministic regression fixture.
fx_no_jsonld_headings,fixture,local-fixture,No Jsonld Headings,recipe,tests/fixtures/fx_no_jsonld_headings.html,no_jsonld_headings,pass,scrapling-dom|html-heuristic,scrapling-dom|html-heuristic,Simple Oatmeal,3,2,Deterministic regression fixture.
fx_noise_before_recipe,fixture,local-fixture,Noise Before Recipe,recipe,tests/fixtures/fx_noise_before_recipe.html,noise_before_recipe,pass,scrapling-dom|html-heuristic,scrapling-dom|html-heuristic,Potato Soup,3,2,Deterministic regression fixture.
fx_notes_after_steps,fixture,local-fixture,Notes After Steps,recipe,tests/fixtures/fx_notes_after_steps.html,notes_after_steps,pass,scrapling-dom|html-heuristic,scrapling-dom|html-heuristic,Quick Muffins,3,2,Deterministic regression fixture.
fx_numbered_paragraph_steps,fixture,local-fixture,Numbered Paragraph Steps,recipe,tests/fixtures/fx_numbered_paragraph_steps.html,numbered_paragraph_steps,pass,scrapling-dom|html-heuristic,scrapling-dom|html-heuristic,Fried Rice,3,2,Deterministic regression fixture.
fx_script_noise,fixture,local-fixture,Script Noise,recipe,tests/fixtures/fx_script_noise.html,script_noise,pass,json-ld,json-ld,Noise-Proof Cookies,3,2,Deterministic regression fixture.
fx_two_ingredient_sections,fixture,local-fixture,Two Ingredient Sections,recipe,tests/fixtures/fx_two_ingredient_sections.html,two_ingredient_sections,pass,scrapling-dom|html-heuristic,scrapling-dom|html-heuristic,Tacos,4,2,Deterministic regression fixture.
fx_yield_array,fixture,local-fixture,Yield Array,recipe,tests/fixtures/fx_yield_array.html,yield_array,pass,json-ld,json-ld,Rolls,3,2,Deterministic regression fixture.
fx_zero_duration,fixture,local-fixture,Zero Duration,recipe,tests/fixtures/fx_zero_duration.html,zero_duration,pass,json-ld,json-ld,No Cook Salsa,3,2,Deterministic regression fixture.
